Time,Thu 04/16,Fri 04/17,Sat 04/18,Sun 04/19,Mon 04/20,Tue 04/21,Wed 04/22,Thu 04/23,Fri 04/24,Sat 04/25,Sun 04/26,Mon 04/27,Tue 04/28,Wed 04/29,Thu 04/30,Fri 05/01,Sat 05/02
7:00 AM,,,,,,,,,,,,,,,,,
7:30 AM,,,,,,,,,,,,,,,,,
8:00 AM,,,,,,,,,,,,,,,,,
8:30 AM,,,,,,,,,,,,,,,,,
9:00 AM,,,,,,,,,,,,,,,,,
9:30 AM,,,,,,,,,,,,,,,,,
10:00 AM,,,,,,,,,,,,,,,,,
10:30 AM,,,,,,,,,,,,,,,,,
11:00 AM,,,,,,,,,,,,,,,,,
11:30 AM,,,,,,,,,,,,,,,,,
12:00 PM,,,,,,,,,,,,,,,,,
12:30 PM,,,,,,,,,,,,,,,,,
1:00 PM,,,,,,,,,,,,,,,,,
1:30 PM,,,,,,,,,,,,,,,,,
2:00 PM,,,,,,,,,,,,,,,,,
2:30 PM,,,,,,,,,,,,,,,,,
3:00 PM,,,,,,,,,,,,,,,,,
3:30 PM,,,,,,,,,,,,,,,,,
4:00 PM,,,,,,,,,,,,,,,,,
4:30 PM,,,,,,,,,,,,,,,,,
5:00 PM,,,,,,,,,,,,,,,,,
5:30 PM,,,,,,,,,,,,,,,,,
6:00 PM,,,,,,,,,,,,,,,,,
6:30 PM,,,,,,,,,,,,,,,,,
7:00 PM,,,,,,,,,,,,,,,,,
7:30 PM,,,,,,,,,,,,,,,,,
8:00 PM,,,,,,,,,,,,,,,,,
8:30 PM,,,,,,,,,,,,,,,,,
9:00 PM,,,,,,,,,,,,,,,,,
